sample_id,score,supported,contradicted,not_supported,predicate_errors,entity_errors,coref_errors,other_erros,coverage_ratio,mean_position,start_ratio,middle_ratio,end_ratio,ref_len_tokens,summary_len_tokens,rouge1_f,rouge1_p,rouge1_r,rouge2_f,rouge2_p,rouge2_r,rougeL_f,rougeL_p,rougeL_r,bert_score_f1,bert_score_precision,bert_score_recall,evidence_score,faithfulness_score,stability_score,reliability_score,execution_time,vram_max_mb,erro
0,0.99834,7.0,0.0,0.0,0.0,0.0,0.0,0.0,0.06522,0.07044,1.0,0.0,0.0,11706,496,0.0822,0.98578,0.04289,0.07253,0.87173,0.03784,0.05098,0.61137,0.0266,0.88912,0.8905,0.88775,0.82015,1.0,0.99997,0.92805,371.61063,4426.24,
1,0.99838,7.0,0.0,0.0,0.0,0.0,0.0,0.0,0.09091,0.15731,0.85714,0.0,0.14286,11162,492,0.08755,1.0,0.04578,0.08516,0.97477,0.04453,0.07312,0.83524,0.03824,0.89486,0.89002,0.89975,0.69381,1.0,0.9998,0.87747,334.90258,4426.23,
2,0.99565,7.0,0.0,0.0,0.0,0.0,0.0,0.0,0.04348,0.03651,1.0,0.0,0.0,11594,498,0.08213,0.99299,0.04283,0.08002,0.96956,0.04173,0.07845,0.9486,0.04092,0.91627,0.91684,0.91571,0.59605,0.85714,0.99953,0.79542,309.34628,4426.23,
3,0.99367,9.0,0.0,0.0,0.0,0.0,0.0,0.0,0.08889,0.12379,0.77778,0.11111,0.11111,11360,504,0.08345,0.99756,0.04355,0.08082,0.96822,0.04217,0.07325,0.87561,0.03822,0.89156,0.88237,0.90095,555.0,0.66667,0.99992,0.72197,365.24083,4426.24,
4,0.97929,7.0,0.0,0.0,0.0,0.0,0.0,0.0,0.05357,0.34199,0.85714,0.0,0.14286,14115,494,0.06529,0.96806,0.03378,0.05303,0.78818,0.02744,0.0449,0.66585,0.02324,0.81093,0.8196,0.80244,0.54118,0.57143,0.82363,0.63499,366.52243,5273.54,
5,0.79785,4.0,1.0,0.0,1.0,1.0,1.0,0.0,0.27273,0.44951,0.4,0.2,0.4,2734,328,0.1993,0.9697,0.11106,0.19166,0.93536,0.10677,0.15415,0.75,0.0859,0.87882,0.88067,0.87697,0.64483,0.8,0.99955,0.7978,92.38961,4426.2,
6,0.83531,5.0,1.0,0.0,0.0,1.0,0.0,0.0,0.14815,0.36286,0.33333,0.66667,0.0,6904,510,0.13586,0.99504,0.07291,0.12642,0.92786,0.06783,0.09656,0.7072,0.05182,0.85116,0.84658,0.8558,0.6144,0.83333,0.97276,0.78759,204.51016,4426.22,
7,0.9983,8.0,0.0,0.0,0.0,0.0,0.0,0.0,0.05556,0.10568,875.0,125.0,0.0,13768,494,0.0682,1.0,0.03531,0.06672,0.98044,0.03453,0.06338,0.92927,0.03281,0.92427,0.92373,0.9248,0.64303,1.0,0.99834,0.85671,413.05632,5200.45,
8,0.98761,8.0,0.0,0.0,0.0,0.0,0.0,0.0,0.08333,0.10095,0.75,0.25,0.0,9113,497,0.10077,0.99756,0.05306,0.09906,0.98284,0.05216,0.09286,0.91932,0.0489,0.92293,0.91779,0.92813,0.59176,0.75,0.98222,0.75637,304.48343,4426.23,
9,0.99755,8.0,0.0,0.0,0.0,0.0,0.0,0.0,0.04688,0.05251,1.0,0.0,0.0,16362,494,0.05978,0.99762,0.03082,0.05794,0.96897,0.02986,0.05236,0.87381,0.02699,0.88792,0.88482,0.89105,0.70638,1.0,0.9999,0.88252,537.46423,6716.38,
10,0.86644,6.0,1.0,0.0,0.0,1.0,1.0,0.0,0.4,0.29477,0.57143,0.42857,0.0,2379,289,0.22729,1.0,0.12822,0.22275,0.98319,0.1256,0.20067,0.88285,0.1132,0.8959,0.91388,0.8786,0.38409,0.42857,0.99541,0.58083,109.03424,4426.21,
11,0.99292,7.0,0.0,0.0,0.0,0.0,0.0,0.0,0.12821,0.15435,0.71429,0.28571,0.0,9977,495,0.09643,0.98786,0.05069,0.08982,0.92214,0.04721,0.0898,0.9199,0.0472,0.91646,0.91701,0.9159,0.60898,0.71429,0.97004,0.74889,270.42991,4306.18,
12,0.99548,6.0,0.0,0.0,0.0,0.0,0.0,0.0,0.02899,0.07774,1.0,0.0,0.0,17560,492,0.05514,0.98297,0.02837,0.05174,0.92439,0.02661,0.04572,0.81509,0.02352,0.81907,0.81415,0.82404,0.79038,1.0,0.99991,0.91613,430.84472,7349.19,
13,0.9987,5.0,0.0,0.0,0.0,0.0,0.0,0.0,0.05714,0.01834,1.0,0.0,0.0,8720,503,0.10562,0.99244,0.05578,0.1035,0.97475,0.05465,0.1032,0.96977,0.0545,0.92613,0.92126,0.93106,0.68141,1.0,0.99315,0.87051,195.10339,4426.22,
14,0.89707,6.0,1.0,0.0,0.0,0.0,0.0,1.0,0.06667,0.04511,1.0,0.0,0.0,7675,500,0.1212,0.99036,0.06455,0.11327,0.92754,0.06032,0.10941,0.89398,0.05827,0.90114,0.8962,0.90613,0.76337,1.0,0.94651,0.8893,248.75112,4426.22,
15,0.99748,8.0,0.0,0.0,0.0,0.0,0.0,0.0,0.02703,0.01556,1.0,0.0,0.0,9248,493,0.10434,0.9845,0.05509,0.08848,0.83679,0.04671,0.09284,0.87597,0.04902,0.91485,0.91043,0.91932,0.79579,1.0,0.94423,0.90158,264.15591,4426.23,
16,0.89912,7.0,0.0,0.0,0.0,0.0,0.0,0.0,0.0566,0.15599,0.85714,0.14286,0.0,13532,485,0.0686,0.9898,0.03553,0.06154,0.89003,0.03187,0.04668,0.67347,0.02418,0.89444,0.8889,0.90004,0.58977,0.85714,0.84175,0.74558,467.61834,5032.89,
17,0.9986,8.0,0.0,0.0,0.0,0.0,0.0,0.0,0.23529,0.12912,0.75,0.25,0.0,4103,494,0.21629,0.98568,0.12147,0.19125,0.87321,0.10738,0.13983,0.63723,0.07853,0.90248,0.90145,0.90352,0.70382,1.0,0.99996,0.88151,161.59885,4426.21,
18,0.83807,6.0,1.0,0.0,1.0,0.0,0.0,0.0,0.04615,106.0,0.85714,0.14286,0.0,16518,496,0.04698,0.87895,0.02413,0.03545,0.66491,0.01821,0.0443,0.82895,0.02276,0.84607,0.82312,0.87033,0.65505,0.85714,0.99989,0.81913,423.02519,6520.35,
19,0.99033,5.0,0.0,0.0,0.0,0.0,0.0,0.0,0.06667,0.03677,1.0,0.0,0.0,3627,429,0.19726,0.91785,0.1105,0.1322,0.61648,0.07404,0.16438,0.76487,0.09209,0.89846,0.90065,0.89628,0.67501,0.8,0.99814,0.80944,107.94213,4426.21,
20,0.95192,7.0,0.0,0.0,0.0,0.0,0.0,0.0,0.10526,0.12158,0.85714,0.14286,0.0,9543,498,0.09914,0.9907,0.05218,0.09288,0.93007,0.04888,0.09286,0.92791,0.04887,0.91788,0.91026,0.92563,0.66722,0.85714,0.95879,0.81167,275.87952,4289.17,
21,0.99593,8.0,0.0,0.0,0.0,0.0,0.0,0.0,0.13889,0.25795,0.75,0.0,0.25,9043,497,0.10483,0.98313,0.05537,0.08661,0.81401,0.04574,0.08607,0.80723,0.04546,0.86852,0.86259,0.87454,0.68094,875.0,0.99974,0.8348,283.44603,4426.23,
22,0.99797,5.0,0.0,0.0,0.0,0.0,0.0,0.0,0.05128,0.10999,0.8,0.2,0.0,9955,500,0.09327,0.99259,0.04893,0.09004,0.9604,0.04724,0.08121,0.8642,0.0426,0.88313,0.87345,0.89303,0.65377,0.8,0.99996,0.80149,239.75924,4426.22,
23,0.99491,6.0,0.0,0.0,0.0,0.0,0.0,0.0,0.05263,0.10103,0.83333,0.16667,0.0,14485,498,0.06534,1.0,0.03377,0.06486,0.99499,0.03352,0.06517,0.9975,0.03369,0.94516,0.94342,0.94692,0.70363,0.83333,0.9985,831.0,354.34346,5366.81,
24,0.91383,11.0,1.0,0.0,0.0,0.0,0.0,1.0,0.13889,0.08742,0.91667,0.08333,0.0,9200,502,0.10634,985.0,0.05621,0.10259,0.95238,0.05422,0.09285,0.86,0.04907,0.88146,0.87813,0.88482,0.53653,0.75,0.90053,0.70977,388.14755,4426.24,
25,0.99855,6.0,0.0,0.0,0.0,0.0,0.0,0.0,0.05357,0.14982,0.83333,0.0,0.16667,14270,513,0.07217,0.99767,0.03744,0.06999,0.9697,0.03631,0.05333,0.73721,0.02766,0.90735,0.90341,0.91132,0.63982,0.83333,0.99928,0.80571,327.6098,5095.48,
26,0.97558,10.0,0.0,0.0,0.0,0.0,0.0,0.0,0.09589,0.16221,0.8,0.2,0.0,18533,521,0.05644,0.98765,0.02905,0.05193,0.91089,0.02673,0.05277,0.92346,0.02716,0.91385,0.90864,0.91913,0.5773,0.7,0.96646,0.73086,678.71318,7826.67,
27,0.99823,7.0,0.0,0.0,0.0,0.0,0.0,0.0,0.03333,0.01075,1.0,0.0,0.0,15266,493,0.06705,0.97273,0.03472,0.05453,0.79271,0.02824,0.05906,0.85682,0.03059,0.85937,0.85636,0.8624,0.61959,0.85714,0.99987,0.80494,395.9444,5859.0,
28,0.96885,7.0,0.0,0.0,0.0,0.0,0.0,0.0,0.25,0.39772,0.71429,0.0,0.28571,4871,488,0.19792,1.0,0.10983,0.18713,0.94725,0.10382,0.12998,0.65675,0.07213,0.84562,0.84758,0.84368,0.69506,1.0,0.99633,0.87692,165.50788,4187.77,
29,0.99855,7.0,0.0,0.0,0.0,0.0,0.0,0.0,0.05085,0.04374,1.0,0.0,0.0,15057,506,0.06547,0.99036,0.03386,0.06198,0.93961,0.03205,0.05671,0.85783,0.02932,0.88741,0.87673,0.89836,0.70395,1.0,0.99882,0.88123,413.43043,5587.04,
30,0.99806,6.0,0.0,0.0,0.0,0.0,0.0,0.0,125.0,0.08237,1.0,0.0,0.0,8090,492,0.1146,1.0,0.06078,0.11213,0.98054,0.05947,0.10821,0.94417,0.05739,0.8994,0.89434,0.90452,539.0,0.5,0.93834,0.6471,222.72601,4426.22,
31,0.92865,4.0,0.0,0.0,0.0,0.0,0.0,0.0,0.08696,0.26796,0.25,0.75,0.0,5676,533,0.15214,0.92629,0.08288,0.12798,0.78079,0.0697,0.13035,0.79361,71.0,0.88828,0.88777,0.88879,0.4346,0.25,0.78173,0.48336,131.83007,4426.21,
32,0.78253,8.0,1.0,0.0,0.0,0.0,0.0,1.0,0.19231,0.48786,0.11111,0.77778,0.11111,6656,486,0.1352,0.91743,0.07298,0.09467,0.64368,0.05109,0.08484,0.57569,0.04579,0.82329,0.81512,0.83163,0.51703,0.55556,0.99005,0.67049,251.35392,4426.22,
33,0.89435,13.0,0.0,1.0,0.0,0.0,0.0,0.0,0.13793,0.05702,0.92857,0.07143,0.0,7289,527,0.12978,0.92457,0.06979,0.08165,0.58293,0.0439,0.08675,618.0,0.04665,0.89689,0.89664,0.89714,0.64579,0.78571,0.9989,0.7937,337.65195,4071.0,
34,0.76175,4.0,1.0,0.0,0.0,1.0,1.0,0.0,0.09091,0.22276,0.6,0.4,0.0,11012,510,0.08916,0.99281,0.04667,0.08681,0.96875,0.04544,0.07193,0.80096,0.03766,0.87441,0.86858,0.88031,0.67743,1.0,0.99467,0.86937,253.81425,4426.22,
35,0.70415,4.0,2.0,0.0,0.0,2.0,1.0,0.0,0.15385,0.28132,0.33333,0.66667,0.0,6557,496,0.14492,0.99511,0.07815,135.0,0.92892,0.07279,0.09258,0.6357,0.04992,0.82813,0.8251,0.83119,0.50783,0.66667,0.99987,0.70309,179.74393,4426.21,
36,0.99568,8.0,0.0,0.0,0.0,0.0,0.0,0.0,0.18182,0.09096,875.0,125.0,0.0,2779,328,0.21214,1.0,0.11866,0.20769,0.98182,0.11613,206.0,0.97101,0.11522,0.93197,0.94632,0.91805,0.6305,0.75,0.95885,0.76486,132.54426,4426.21,
37,0.89905,9.0,1.0,0.0,1.0,0.0,0.0,0.0,0.22222,0.15936,0.8,0.2,0.0,4528,497,0.19241,0.96454,0.10686,0.16042,0.80569,0.08908,0.14006,0.70213,0.07779,0.89137,0.88421,0.89864,0.58885,0.6,0.99927,0.71532,201.72378,4289.16,
38,0.99056,7.0,0.0,0.0,0.0,0.0,0.0,0.0,0.08163,0.15239,0.85714,0.0,0.14286,12368,492,0.07678,0.98783,0.03994,0.07131,0.91951,0.03709,0.05106,0.65693,0.02656,0.89022,0.88622,0.89426,0.58636,0.71429,0.94457,0.7322,359.25019,4426.24,
39,0.88699,9.0,1.0,0.0,0.0,1.0,0.0,0.0,0.25,0.13314,0.9,0.1,0.0,5959,491,0.15653,1.0,0.08491,0.1525,0.97619,0.08271,0.13497,0.86223,0.07322,0.90404,0.90143,0.90666,0.61875,1.0,0.93309,0.82743,236.22743,3858.94,
40,0.53627,4.0,4.0,0.0,1.0,1.0,0.0,3.0,0.10526,0.08608,875.0,125.0,0.0,4640,498,0.1816,0.97416,0.10013,0.16048,0.86269,0.08847,0.15125,0.81137,0.0834,0.89427,0.89124,0.89731,0.60611,1.0,0.87447,0.80478,170.03202,4426.21,
41,0.99596,7.0,0.0,0.0,0.0,0.0,0.0,0.0,0.13158,0.23946,0.57143,0.28571,0.14286,9613,499,0.09637,0.99012,0.05065,0.09183,0.94554,0.04826,0.08916,0.91605,0.04686,0.90971,0.90736,0.91206,0.65103,0.85714,0.99811,0.81699,288.22309,4426.23,
42,0.92518,11.0,0.0,0.0,0.0,0.0,0.0,0.0,0.06944,0.11958,0.90909,0.0,0.09091,18215,492,0.05373,1.0,0.02761,0.05208,0.9715,0.02676,0.05093,0.94787,0.02617,0.91025,0.90963,0.91088,0.57913,0.90909,0.99422,0.80264,699.5076,7920.22,
43,0.85276,6.0,1.0,0.0,1.0,1.0,0.0,0.0,0.13793,0.17754,0.85714,0.0,0.14286,7222,496,0.12915,0.99078,0.06908,0.12288,0.94457,0.06571,0.11924,0.91475,0.06378,0.92438,0.92042,0.92838,0.6438,1.0,0.86602,0.81733,242.96091,4426.22,
44,0.91118,11.0,1.0,0.0,1.0,1.0,0.0,0.0,0.1875,0.05257,1.0,0.0,0.0,3991,482,0.20678,0.96373,0.11582,0.18131,0.84675,0.10153,0.18066,0.84197,0.10118,0.89956,0.89953,0.89958,0.62952,0.83333,0.94655,0.78577,199.91972,4426.22,
45,0.99578,8.0,0.0,0.0,0.0,0.0,0.0,0.0,0.04839,0.02345,1.0,0.0,0.0,15841,498,0.06376,0.98077,0.03295,0.05611,0.86506,29.0,0.05735,0.88221,0.02964,0.92709,0.92884,0.92535,0.62313,875.0,0.99998,0.81175,467.22828,5017.25,
46,0.69676,7.0,2.0,0.0,0.0,0.0,0.0,2.0,0.07143,0.08698,0.88889,0.0,0.11111,10519,481,0.08739,0.9799,0.04573,0.08091,0.90932,0.04234,0.07909,0.88693,0.04139,0.92524,0.92105,0.92946,0.53771,0.77778,0.97127,0.7398,389.94629,4426.24,
47,0.66766,6.0,1.0,0.0,1.0,1.0,0.0,0.0,125.0,0.38047,0.42857,0.42857,0.14286,8030,507,0.1206,0.99292,0.0642,0.11032,0.91017,0.05872,0.10054,0.82783,0.05352,0.88642,0.88962,0.88325,0.5088,0.57143,0.96359,0.66402,247.47834,4426.22,
48,0.66711,4.0,2.0,0.0,0.0,2.0,0.0,0.0,0.18182,0.06115,1.0,0.0,0.0,2681,326,0.20174,0.96825,0.1126,0.17956,0.86454,0.10018,0.18933,0.90873,0.10568,0.93304,0.96289,0.90499,0.54919,0.66667,0.99878,0.71931,111.23796,4426.2,
49,0.99509,9.0,0.0,0.0,0.0,0.0,0.0,0.0,0.02564,0.03672,1.0,0.0,0.0,19942,520,0.0508,0.99754,0.02606,0.0498,0.98025,0.02555,0.04302,0.84483,0.02207,0.90264,0.90134,0.90396,0.65317,0.88889,0.99922,0.8277,628.5046,8477.21,
50,0.88064,6.0,0.0,1.0,0.0,0.0,0.0,0.0,0.2,0.10584,1.0,0.0,0.0,6262,492,0.14749,0.99756,0.07963,0.1342,0.90954,0.07244,0.10891,0.73659,0.0588,0.90038,0.89491,0.90591,0.63241,1.0,0.91526,0.82754,221.30037,4426.22,
51,0.99414,5.0,0.0,0.0,0.0,0.0,0.0,0.0,0.06024,0.42066,0.4,0.4,0.2,21024,518,0.04766,0.99068,0.02442,0.04419,0.92056,0.02264,0.03734,0.77622,0.01913,0.82547,0.82799,0.82296,0.60222,0.8,0.99981,0.78083,509.30731,9728.41,
52,0.87847,8.0,0.0,1.0,0.0,0.0,0.0,0.0,0.35294,0.23026,0.66667,0.22222,0.11111,4162,498,0.22371,0.98815,0.12613,0.18572,0.82185,0.10469,0.16845,0.74408,0.09498,0.88267,0.87662,0.8888,0.5777,0.66667,0.98035,0.72519,167.68363,4426.21,
53,0.91271,7.0,0.0,0.0,0.0,0.0,0.0,0.0,0.14286,0.0804,0.85714,0.14286,0.0,7092,499,0.13008,0.99041,0.06961,0.11878,0.90625,0.06355,0.10457,0.79616,0.05596,0.93397,0.93276,0.93518,0.73713,1.0,0.99804,0.89427,238.99523,4426.22,
54,0.89161,8.0,1.0,0.0,1.0,1.0,0.0,0.0,0.07353,0.08135,1.0,0.0,0.0,17292,482,0.05359,0.98826,0.02754,0.05092,0.94118,0.02617,0.04595,0.84742,0.02361,0.88706,0.87747,0.89686,0.57039,0.55556,0.99996,0.69481,564.53183,7336.3,
55,0.95024,12.0,1.0,0.0,0.0,0.0,0.0,1.0,0.10345,0.11024,0.92308,0.0,0.07692,14607,497,0.06851,1.0,0.03547,0.0656,0.95962,0.03396,0.06088,0.88863,0.03152,0.89132,0.8878,0.89486,0.57475,0.61538,0.99878,0.71415,776.74134,5604.83,
56,0.82475,6.0,1.0,0.0,1.0,1.0,0.0,0.0,0.1875,0.20362,0.71429,0.28571,0.0,3849,470,0.21934,0.98759,0.12337,0.20733,0.93532,0.11659,0.18077,0.8139,0.10167,0.88145,0.88083,0.88208,0.57969,0.71429,0.99271,0.74398,164.19715,4426.21,
57,0.82104,9.0,1.0,0.0,1.0,0.0,0.0,0.0,0.22727,0.41211,0.6,0.1,0.3,5537,489,0.1596,0.99257,0.08678,0.14931,0.93052,0.08117,0.11741,0.7302,0.06384,0.85942,0.85378,0.86514,0.4514,0.4,0.92936,0.57937,230.96454,4426.22,
58,0.9917,7.0,0.0,0.0,0.0,0.0,0.0,0.0,0.15385,0.29906,0.85714,0.0,0.14286,9826,488,0.0958,0.97867,0.05037,0.08747,0.89549,0.04598,0.07678,0.78436,0.04037,0.86368,0.85749,0.86997,0.62288,0.85714,0.9998,0.80623,294.51773,4426.23,
59,0.99892,9.0,0.0,0.0,0.0,0.0,0.0,0.0,0.22727,0.30124,0.55556,0.33333,0.11111,5484,489,0.16221,0.98465,0.08838,0.1471,0.89487,0.08014,0.12555,0.76215,0.06841,0.88238,0.8778,887.0,0.56781,0.88889,0.94156,0.77626,201.39617,4426.22,
60,0.99773,7.0,0.0,0.0,0.0,0.0,0.0,0.0,0.09677,134.0,0.71429,0.28571,0.0,7875,503,0.12234,0.98592,0.06522,0.10723,0.86588,0.05715,0.10836,0.87324,0.05776,0.90255,0.89668,0.90849,0.70598,0.85714,0.93826,0.82101,250.33009,4426.22,
61,0.86609,6.0,0.0,1.0,0.0,0.0,0.0,0.0,0.10345,0.16705,0.85714,0.14286,0.0,7346,500,0.12814,0.96226,0.06864,0.11247,0.84634,0.06024,0.1049,0.78774,0.05619,0.89083,0.88688,0.89482,0.75089,1.0,0.94533,0.88396,231.08574,4426.22,
62,0.99807,8.0,0.0,0.0,0.0,0.0,0.0,0.0,0.28571,0.47852,0.25,375.0,375.0,3457,416,0.21759,0.99715,0.12212,0.21275,0.97714,0.11937,0.19024,0.87179,0.10677,0.8608,0.85732,0.86431,0.63703,0.75,0.90426,0.75109,133.2422,4426.21,
63,0.9974,7.0,0.0,0.0,0.0,0.0,0.0,0.0,0.09091,0.09117,0.85714,0.14286,0.0,5454,490,0.16256,0.96487,0.08875,0.14565,0.8662,0.07951,0.13257,0.78689,0.07238,0.88119,0.88006,0.88232,0.66783,1.0,0.76638,0.79705,168.09306,4426.21,
64,0.82168,5.0,1.0,0.0,0.0,1.0,0.0,0.0,0.12195,0.17761,0.83333,0.16667,0.0,10400,497,0.0912,0.99762,0.04778,0.09013,0.98807,0.04722,0.08205,0.89762,0.04299,0.87928,0.87596,0.88262,0.60985,0.66667,0.99923,0.74371,282.99439,4426.23,
65,0.99401,6.0,0.0,0.0,0.0,0.0,0.0,0.0,0.12,0.27166,0.66667,0.16667,0.16667,6386,495,0.15111,1.0,0.08173,0.14789,0.98072,0.07998,0.14602,0.96635,0.07898,0.9375,0.93705,0.93794,0.5407,0.66667,0.99941,0.7161,275.34189,4426.22,
66,0.96522,8.0,0.0,0.0,0.0,0.0,0.0,0.0,0.16129,0.23992,625.0,0.25,125.0,7696,490,0.12277,0.98588,0.06546,0.11342,0.91274,0.06047,0.10284,0.82588,0.05484,0.88831,0.88853,0.88809,0.60142,625.0,0.98813,0.72451,267.74045,4426.23,
67,0.97626,8.0,0.0,0.0,0.0,0.0,0.0,0.0,0.07937,0.11739,875.0,125.0,0.0,15906,501,0.06127,1.0,0.0316,0.05928,0.9697,0.03057,0.05557,0.90698,0.02866,0.90485,0.90056,0.90918,0.63556,875.0,0.94161,0.79921,425.34613,5462.88,
68,0.91242,5.0,0.0,0.0,0.0,0.0,0.0,0.0,0.07692,0.06656,1.0,0.0,0.0,6461,498,0.13961,0.97143,0.07521,0.11398,0.79475,0.06139,0.11634,0.80952,0.06267,0.88994,0.88528,0.89464,0.82165,1.0,0.84381,0.8818,165.8395,4426.21,
69,0.85124,6.0,1.0,0.0,1.0,1.0,0.0,0.0,0.2,0.40957,0.42857,0.14286,0.42857,4983,500,0.18333,0.99762,0.10094,0.17991,0.98095,0.09904,0.16368,0.89074,0.09012,0.87572,0.8718,0.87968,0.55973,0.57143,0.95362,0.68141,162.01489,4426.21,
70,0.88087,8.0,1.0,0.0,0.0,0.0,1.0,0.0,0.10256,0.16158,0.77778,0.22222,0.0,9824,493,0.09197,0.96287,0.04829,0.08206,0.86104,0.04308,0.07566,0.79208,0.03973,0.86268,0.8546,0.87092,0.61417,0.88889,0.95553,0.79899,297.56198,4426.23,
71,0.9945,5.0,0.0,0.0,0.0,0.0,0.0,0.0,0.07692,0.09874,0.8,0.2,0.0,9871,487,0.09633,0.99758,0.05061,0.09425,0.97816,0.04951,0.08511,0.88136,0.04471,0.9112,0.90703,0.91541,0.71831,0.8,0.99985,0.82728,217.45472,4426.22,
72,0.99768,9.0,0.0,0.0,0.0,0.0,0.0,0.0,0.22222,0.23325,0.66667,0.22222,0.11111,4475,490,0.18916,1.0,0.10446,0.18408,0.97512,0.10163,0.15583,0.82382,0.08605,0.90892,0.9073,0.91055,0.67395,0.88889,0.77858,0.76982,168.35664,4426.21,
73,0.83008,6.0,1.0,0.0,0.0,1.0,1.0,0.0,0.27273,0.13268,0.85714,0.14286,0.0,2617,319,0.1904,0.89394,0.10655,0.16068,0.75665,0.08988,0.1791,0.84091,0.10023,0.91809,0.93659,0.90031,0.59425,0.71429,0.9926,0.74977,104.77551,4426.21,
74,0.99786,7.0,0.0,0.0,0.0,0.0,0.0,0.0,0.22222,0.07459,1.0,0.0,0.0,2087,247,0.20763,0.99512,0.11591,0.19664,0.94608,0.10972,0.20356,0.97561,0.11364,0.89713,0.91529,0.87968,0.61605,0.85714,0.87166,0.76506,90.00834,4376.3,
75,0.89466,8.0,1.0,0.0,1.0,0.0,0.0,0.0,0.21739,0.2763,0.66667,0.11111,0.22222,5815,529,0.15417,0.97324,0.08372,0.11644,0.73659,0.06322,0.12989,0.81995,0.07053,0.92271,0.92548,0.91997,0.47073,0.55556,0.9948,0.6534,199.39261,4426.22,
76,0.99825,10.0,0.0,0.0,0.0,0.0,0.0,0.0,0.22222,0.19499,0.7,0.2,0.1,6862,489,0.13633,0.99765,0.07316,0.13092,0.96,0.07025,0.10617,777.0,0.05698,0.88113,0.8734,889.0,0.63196,0.8,0.99992,0.79276,261.86469,4426.23,
77,0.83936,9.0,1.0,0.0,1.0,0.0,0.0,0.0,0.20833,0.27029,0.5,0.5,0.0,6119,532,0.16604,0.99527,0.09058,0.16137,0.96919,0.08801,155.0,0.92908,0.08455,0.91884,0.91807,0.91962,0.60472,0.7,0.99225,0.74956,357.8884,4426.23,
78,0.75369,6.0,0.0,1.0,0.0,0.0,0.0,0.0,0.2,0.37023,0.42857,0.57143,0.0,6153,483,0.13499,0.98143,0.07248,0.12591,0.91755,0.06759,0.09048,0.65782,0.04858,0.9056,0.90507,0.90613,0.55649,0.42857,0.98174,0.64569,194.84898,4426.22,
79,0.98914,9.0,0.0,0.0,0.0,0.0,0.0,0.0,0.11538,0.07574,1.0,0.0,0.0,6591,507,0.14053,0.98301,0.07567,0.12044,0.84428,0.06485,0.09854,0.68932,0.05306,0.88848,0.88559,0.89139,0.65122,0.88889,0.99986,0.82711,255.80942,4426.23,
80,0.99512,6.0,0.0,0.0,0.0,0.0,0.0,0.0,0.03774,0.06738,1.0,0.0,0.0,13321,493,0.07097,0.99519,0.0368,0.06772,0.95181,0.03511,0.0648,0.90865,0.0336,0.9072,0.8993,0.91525,0.62313,0.83333,0.99894,0.79893,321.69902,4907.52,
81,0.7351,7.0,3.0,0.0,3.0,2.0,0.0,0.0,0.03488,0.30009,0.7,0.0,0.3,22016,485,0.03898,0.93005,0.01991,0.02736,0.65455,0.01397,0.03366,0.80311,0.01719,0.91463,0.91744,0.91183,0.49357,0.6,0.9936,0.67551,790.96708,10993.75,
82,0.99702,8.0,0.0,0.0,0.0,0.0,0.0,0.0,0.33333,0.34508,0.5,0.25,0.25,2877,338,0.2104,0.97133,0.11798,0.20124,0.93165,0.1128,0.20963,0.96774,0.11754,0.92385,0.94154,0.90681,0.55142,0.5,0.98554,0.66623,128.97562,4426.21,
83,0.98951,12.0,0.0,0.0,0.0,0.0,0.0,0.0,0.13514,0.07373,1.0,0.0,0.0,9463,491,0.09804,0.95884,0.05166,0.08643,0.84709,0.04554,0.07848,0.76755,0.04136,0.88641,0.88478,0.88804,0.58282,0.91667,0.99272,0.80594,390.7026,4426.24,
84,0.99368,4.0,0.0,0.0,0.0,0.0,0.0,0.0,0.03659,0.09763,1.0,0.0,0.0,20857,506,0.04455,0.9901,0.02279,0.04054,0.90323,0.02074,0.03887,0.86386,0.01988,0.88566,0.88312,0.88821,0.72386,1.0,0.99963,0.88943,386.1918,9923.88,
85,0.99466,4.0,0.0,0.0,0.0,0.0,0.0,0.0,0.03488,0.12788,1.0,0.0,0.0,21976,496,0.04417,1.0,0.02258,0.04344,0.98578,0.02221,0.04208,0.95272,0.02151,0.94234,0.9409,0.94379,0.69355,1.0,0.82161,0.8239,378.68496,10832.59,
86,0.97266,8.0,0.0,0.0,0.0,0.0,0.0,0.0,0.10204,0.2693,0.75,0.0,0.25,12441,487,0.08313,0.98611,0.04339,0.07319,0.87007,0.0382,0.07513,0.8912,0.03922,0.91343,0.91226,0.9146,0.62576,0.75,0.99991,0.77528,387.26978,4426.24,
87,0.31824,3.0,3.0,1.0,2.0,3.0,1.0,0.0,0.18182,0.24133,0.57143,0.42857,0.0,5531,498,0.16946,0.94614,0.09307,0.14142,0.79108,0.07765,0.12416,0.69321,0.06819,0.83041,0.82796,0.83287,0.60122,0.71429,0.92419,0.73203,160.24241,4426.21,
88,0.99845,6.0,0.0,0.0,0.0,0.0,0.0,0.0,0.1,0.31038,0.83333,0.16667,0.0,10018,504,0.0942,1.0,0.04943,0.09308,0.99027,0.04884,0.07385,0.78398,0.03875,0.87371,0.86699,0.88053,0.56284,0.66667,0.88363,0.69023,207.40111,4426.22,
89,0.97905,9.0,0.0,0.0,0.0,0.0,0.0,0.0,0.07143,0.36496,0.44444,0.55556,0.0,10607,491,0.089,0.9515,0.04669,0.06461,0.69213,0.03388,0.07237,0.77367,0.03796,0.86661,0.87152,0.86176,0.30721,0.33333,0.9268,0.50092,281.84038,4426.24,
90,0.88918,11.0,1.0,0.0,1.0,0.0,1.0,0.0,0.41176,0.44084,0.66667,0.0,0.33333,4271,497,0.2129,0.9976,0.11916,0.20686,0.97115,0.11576,0.174,0.81535,0.09739,0.78768,0.78988,0.78549,0.53333,0.58333,0.90956,0.6612,167.3634,4426.22,
